{
  "Building_1_Abha": {
    "building": "Building_1",
    "weather": "Abha",
    "annual": {
      "total_annual_cost": 40.85510311887033,
      "total_annual_cost_usd": 10.894694165032087,
      "avg_violation_rate": 40.773809523809526,
      "avg_energy_consumption": 0.16887856778633567,
      "avg_success_rate": 99.92559523809524,
      "annual_savings_vs_baseline": 93.92921388422667,
      "number_of_seasons": 4
    },
    "seasons": {
      "Winter": {
        "total_energy_cost": 5.364183666442408,
        "total_energy_cost_usd": 1.4304489777179754,
        "violation_rate": 0.5952380952380952,
        "success_rate": 100.0,
        "avg_energy_consumption": 0.08869351300334669,
        "avg_electricity_rate_sar": 0.17999999999999997
      },
      "Spring": {
        "total_energy_cost": 5.0284992381312765,
        "total_energy_cost_usd": 1.3409331301683405,
        "violation_rate": 0.5952380952380952,
        "success_rate": 100.0,
        "avg_energy_consumption": 0.08314317523365207,
        "avg_electricity_rate_sar": 0.17999999999999997
      },
      "Summer": {
        "total_energy_cost": 17.618831944208143,
        "total_energy_cost_usd": 4.698355185122171,
        "violation_rate": 79.76190476190477,
        "success_rate": 99.70238095238095,
        "avg_energy_consumption": 0.2913166657441822,
        "avg_electricity_rate_sar": 0.17999999999999997
      },
      "Autumn": {
        "total_energy_cost": 12.8435882700885,
        "total_energy_cost_usd": 3.4249568720236,
        "violation_rate": 82.14285714285714,
        "success_rate": 100.0,
        "avg_energy_consumption": 0.2123609171641617,
        "avg_electricity_rate_sar": 0.17999999999999997
      }
    }
  },
  "Building_1_Jeddah": {
    "building": "Building_1",
    "weather": "Jeddah",
    "annual": {
      "total_annual_cost": 18.854329139581207,
      "total_annual_cost_usd": 5.027821103888321,
      "avg_violation_rate": 71.94940476190476,
      "avg_energy_consumption": 0.07793621502803079,
      "avg_success_rate": 100.0,
      "annual_savings_vs_baseline": 97.19837692662873,
      "number_of_seasons": 4
    },
    "seasons": {
      "Winter": {
        "total_energy_cost": 4.594360010112173,
        "total_energy_cost_usd": 1.225162669363246,
        "violation_rate": 25.892857142857146,
        "success_rate": 100.0,
        "avg_energy_consumption": 0.07596494725714573,
        "avg_electricity_rate_sar": 0.17999999999999997
      },
      "Spring": {
        "total_energy_cost": 4.565926394126458,
        "total_energy_cost_usd": 1.2175803717670552,
        "violation_rate": 75.89285714285714,
        "success_rate": 100.0,
        "avg_energy_consumption": 0.07549481471769937,
        "avg_electricity_rate_sar": 0.17999999999999997
      },
      "Summer": {
        "total_energy_cost": 4.251641403189505,
        "total_energy_cost_usd": 1.1337710408505348,
        "violation_rate": 89.88095238095238,
        "success_rate": 100.0,
        "avg_energy_consumption": 0.07029830362416509,
        "avg_electricity_rate_sar": 0.17999999999999997
      },
      "Autumn": {
        "total_energy_cost": 5.442401332153072,
        "total_energy_cost_usd": 1.451307021907486,
        "violation_rate": 96.13095238095238,
        "success_rate": 100.0,
        "avg_energy_consumption": 0.08998679451311296,
        "avg_electricity_rate_sar": 0.17999999999999997
      }
    }
  },
  "Building_1_Riyadh": {
    "building": "Building_1",
    "weather": "Riyadh",
    "annual": {
      "total_annual_cost": 109.1102610153179,
      "total_annual_cost_usd": 29.09606960408477,
      "avg_violation_rate": 85.63988095238095,
      "avg_energy_consumption": 0.45101794401173073,
      "avg_success_rate": 99.55357142857143,
      "annual_savings_vs_baseline": 83.7869688950987,
      "number_of_seasons": 4
    },
    "seasons": {
      "Winter": {
        "total_energy_cost": 21.118468760958905,
        "total_energy_cost_usd": 5.6315916695890404,
        "violation_rate": 42.55952380952381,
        "success_rate": 98.51190476190477,
        "avg_energy_consumption": 0.3491810311005111,
        "avg_electricity_rate_sar": 0.17999999999999997
      },
      "Spring": {
        "total_energy_cost": 24.3255226572312,
        "total_energy_cost_usd": 6.48680604192832,
        "violation_rate": 100.0,
        "success_rate": 99.70238095238095,
        "avg_energy_consumption": 0.402207715893373,
        "avg_electricity_rate_sar": 0.17999999999999997
      },
      "Summer": {
        "total_energy_cost": 34.767644974759335,
        "total_energy_cost_usd": 9.271371993269156,
        "violation_rate": 100.0,
        "success_rate": 100.0,
        "avg_energy_consumption": 0.5748618547413911,
        "avg_electricity_rate_sar": 0.17999999999999997
      },
      "Autumn": {
        "total_energy_cost": 28.898624622368455,
        "total_energy_cost_usd": 7.706299899298255,
        "violation_rate": 100.0,
        "success_rate": 100.0,
        "avg_energy_consumption": 0.4778211743116478,
        "avg_electricity_rate_sar": 0.17999999999999997
      }
    }
  },
  "Building_2_Abha": {
    "building": "Building_2",
    "weather": "Abha",
    "annual": {
      "total_annual_cost": 42.317372177566526,
      "total_annual_cost_usd": 11.284632580684407,
      "avg_violation_rate": 36.97916666666667,
      "avg_energy_consumption": 0.17492300007261297,
      "avg_success_rate": 99.77678571428572,
      "annual_savings_vs_baseline": 94.63630988951004,
      "number_of_seasons": 4
    },
    "seasons": {
      "Winter": {
        "total_energy_cost": 5.257681304339635,
        "total_energy_cost_usd": 1.4020483478239028,
        "violation_rate": 0.0,
        "success_rate": 100.0,
        "avg_energy_consumption": 0.08693256124900191,
        "avg_electricity_rate_sar": 0.17999999999999997
      },
      "Spring": {
        "total_energy_cost": 4.73066441701204,
        "total_energy_cost_usd": 1.2615105112032108,
        "violation_rate": 0.0,
        "success_rate": 100.0,
        "avg_energy_consumption": 0.07821865768869114,
        "avg_electricity_rate_sar": 0.17999999999999997
      },
      "Summer": {
        "total_energy_cost": 19.882383004938,
        "total_energy_cost_usd": 5.3019688013168,
        "violation_rate": 69.04761904761905,
        "success_rate": 99.40476190476191,
        "avg_energy_consumption": 0.328743105240377,
        "avg_electricity_rate_sar": 0.17999999999999997
      },
      "Autumn": {
        "total_energy_cost": 12.446643451276854,
        "total_energy_cost_usd": 3.3191049203404943,
        "violation_rate": 78.86904761904762,
        "success_rate": 99.70238095238095,
        "avg_energy_consumption": 0.20579767611238187,
        "avg_electricity_rate_sar": 0.17999999999999997
      }
    }
  },
  "Building_2_Jeddah": {
    "building": "Building_2",
    "weather": "Jeddah",
    "annual": {
      "total_annual_cost": 17.499040918924305,
      "total_annual_cost_usd": 4.6664109117131485,
      "avg_violation_rate": 74.25595238095238,
      "avg_energy_consumption": 0.07233399850745828,
      "avg_success_rate": 99.92559523809524,
      "annual_savings_vs_baseline": 97.7820117864112,
      "number_of_seasons": 4
    },
    "seasons": {
      "Winter": {
        "total_energy_cost": 4.72677182193154,
        "total_energy_cost_usd": 1.2604724858484104,
        "violation_rate": 39.58333333333333,
        "success_rate": 100.0,
        "avg_energy_consumption": 0.07815429599754531,
        "avg_electricity_rate_sar": 0.17999999999999997
      },
      "Spring": {
        "total_energy_cost": 4.199050502890852,
        "total_energy_cost_usd": 1.1197468007708937,
        "violation_rate": 74.40476190476191,
        "success_rate": 100.0,
        "avg_energy_consumption": 0.06942874508748102,
        "avg_electricity_rate_sar": 0.17999999999999997
      },
      "Summer": {
        "total_energy_cost": 3.1964515149998807,