episode,episode_return,steps,reward_mean,reward_var,reward_std,reward_min,reward_max
1,-21352.433649539948,1439,-14.838383356177864,32.570354971394444,5.707044328844349,-34.45842742919922,-4.7659077644348145
2,-21089.6855802536,1439,-14.655792620051148,31.85706333777189,5.6442061742792395,-32.422515869140625,-4.680593013763428
3,-21230.242919445038,1439,-14.753469714694258,32.86133119799035,5.732480370484521,-38.653743743896484,-4.579750061035156
4,-21443.335369586945,1439,-14.901553418753958,33.77908957083259,5.81197811169593,-34.85596466064453,-4.615230083465576
5,-21530.297338962555,1439,-14.961985642086557,33.02562678559,5.746792739049321,-33.627601623535156,-4.617273807525635
