episode,episode_return,steps,reward_mean,reward_var,reward_std,reward_min,reward_max
1,-11690.120363616934,8759,-1.334640982260183,1.1287517578075832,1.0624272953042873,-5.789698791503906,-0.00021800994873046874
