episode,episode_return,steps,reward_mean,reward_var,reward_std,reward_min,reward_max
1,-10881.210945343944,8759,-1.2422891820235151,0.4948412131232654,0.7034495100028612,-3.426321935653687,-0.003882145881652832
