episode,episode_return,steps,reward_mean,reward_var,reward_std,reward_min,reward_max
1,-11283.691491675414,8759,-1.2882396953619564,0.5599051204037687,0.7482680805725771,-3.5639533042907714,-0.006950664520263672
