episode,episode_return,steps,reward_mean,reward_var,reward_std,reward_min,reward_max
1,-10968.023429036168,8759,-1.252200414320829,0.5149628646765755,0.717609130848107,-3.475761747360229,-0.004753518104553222
