episode,episode_return,steps,reward_mean,reward_var,reward_std,reward_min,reward_max
1,-11512.97734379765,8759,-1.3144168676558607,0.5636159736679808,0.7507436138043272,-3.495566606521607,-0.007116246223449707
